{
  "batch_mode": "complete_episodes",
  "callbacks": "<class '__main__.FillInActions'>",
  "env": "this-aviary-v0",
  "framework": "torch",
  "model": {
    "custom_model": "cc_model"
  },
  "multiagent": {
    "observation_fn": "<function central_critic_observer at 0x100d0a8b0>",
    "policies": {
      "pol0": [
        null,
        "Dict(opponent_action:Box([-1. -1. -1. -1.], [1. 1. 1. 1.], (4,), float32), opponent_obs:Box([-1. -1.  0. -1. -1. -1. -1. -1. -1. -1. -1. -1.], [1. 1. 1. 1. 1. 1. 1. 1. 1. 1. 1. 1.], (12,), float32), own_obs:Box([-1. -1.  0. -1. -1. -1. -1. -1. -1. -1. -1. -1.], [1. 1. 1. 1. 1. 1. 1. 1. 1. 1. 1. 1.], (12,), float32))",
        "Box([-1. -1. -1. -1.], [1. 1. 1. 1.], (4,), float32)",
        {
          "agent_id": 0
        }
      ],
      "pol1": [
        null,
        "Dict(opponent_action:Box([-1. -1. -1. -1.], [1. 1. 1. 1.], (4,), float32), opponent_obs:Box([-1. -1.  0. -1. -1. -1. -1. -1. -1. -1. -1. -1.], [1. 1. 1. 1. 1. 1. 1. 1. 1. 1. 1. 1.], (12,), float32), own_obs:Box([-1. -1.  0. -1. -1. -1. -1. -1. -1. -1. -1. -1.], [1. 1. 1. 1. 1. 1. 1. 1. 1. 1. 1. 1.], (12,), float32))",
        "Box([-1. -1. -1. -1.], [1. 1. 1. 1.], (4,), float32)",
        {
          "agent_id": 1
        }
      ]
    },
    "policy_mapping_fn": "<function <lambda> at 0x17714de50>"
  },
  "num_gpus": 0,
  "num_workers": 0
}